feature_0,feature_1,feature_2,feature_3,feature_4,feature_5,feature_6,feature_7,feature_8,feature_9
0.9999152,0.9985518,0.4479942,0.9190284,0.9882269,0.066273965,0.98385215,0.24528274,-0.986588,-0.1952854
0.9992857,0.99990386,0.54039407,0.93244576,0.23373322,0.931717,-0.31938735,0.7743146,-0.99995613,0.98808956
0.99970675,0.99871606,0.9996439,0.99679434,0.97454435,0.99919796,-0.8495826,-0.7400523,0.97877353,-0.014306288
-0.91647094,-0.9797631,0.8844221,-0.62570083,-0.97752875,0.90118635,0.9973752,-0.7408106,0.9451644,-0.9999604
0.4348143,0.32104746,-0.80639213,-0.7311318,-0.832406,0.973796,-0.05757683,0.9230559,0.23107964,-0.9290711
0.99946594,-0.9960438,0.9147832,-0.99051666,-0.65263087,0.972405,-0.91684616,0.99954087,-0.5277263,-0.998387
-0.3950844,-0.9776403,-0.31845033,-0.9976121,-0.96753675,-0.62383485,0.9999983,-0.9731991,-0.04116554,-0.9999965
-0.647102,-0.9959478,-0.795178,-0.99032336,-0.6643261,-0.99526906,0.9999845,0.70922697,-0.05500782,-0.9999472
0.9990198,-0.4923715,0.4607639,-0.96062136,-0.99246395,0.9674908,0.94946146,0.9504643,-0.8749916,-0.99458003
0.99059486,-0.74117327,0.61305106,-0.9992582,-0.99797046,0.9854527,0.96226704,0.84796584,-0.8026754,-0.91139835
0.97594494,0.89754677,0.90036106,0.74871624,-0.04625733,0.9987106,-0.5882691,0.9894803,0.839008,0.012802907
0.997525,-0.9961176,0.9905218,-0.9748414,0.91375643,0.8062021,0.9774155,0.9670171,0.9826621,-0.9998928
0.90503305,-0.43762517,0.87181807,0.9925414,0.999555,0.9869192,0.9947552,0.4617068,-0.99758047,0.16521809
0.99507076,-0.7560833,-0.9503486,-0.99966085,-0.79132736,0.9244323,0.9991958,0.9965252,-0.5068819,-0.9983583
0.9999875,-0.6650575,0.9997594,-0.8707862,0.96997964,0.90646654,0.84539616,-0.3814106,0.91791046,-0.7271404
0.99883217,0.99819374,0.99977475,0.98781717,-0.5946474,0.9905971,-0.9694958,0.22759922,-0.48980623,-0.22614029
-0.45850345,-0.73426694,0.14080454,0.21925922,-0.99017334,0.9437092,0.9995091,-0.55536646,0.40088648,-0.9999227
0.8062101,0.40323582,0.6354273,0.6473267,-0.011104484,0.96950316,0.22289194,0.4473012,-0.8997329,-0.69129825
0.99797654,0.83817387,0.9995215,-0.7011469,-0.9999658,-0.5979515,-0.9887364,0.9999867,-0.9999701,0.09062828
0.9112276,0.9999805,0.9922323,0.9993741,-0.95074594,-0.9970109,0.40400377,-0.032210518,-0.9991731,-0.998175
0.81085086,0.6967345,0.083415136,-0.8127882,-0.35829696,0.18555772,0.9922915,0.90342754,-0.9363705,-0.9735517
0.99700195,0.99999803,0.9556005,0.99454933,-0.21762173,-0.84949267,-0.40141088,-0.4446596,-0.9876954,-0.19689858
0.9956402,0.020359477,-0.05520201,-0.92514664,0.88234663,0.99733096,0.7890034,0.9968861,0.83691376,-0.9975878
0.70129454,-0.6979942,0.80994606,-0.73682284,-0.50724477,0.996827,0.3650231,0.95478225,0.5656994,-0.89239717
0.9594198,-0.75640625,0.999278,0.99578744,0.55181974,0.9998441,-0.82983184,0.97685075,0.95884514,-0.9512754
0.99284905,0.9764949,0.88013613,0.27975497,-0.9985137,0.9878081,0.23244615,0.8079464,0.96041006,-0.98155785
0.9985417,0.9898432,0.9975444,-0.7982607,0.22170374,-0.98262274,0.8885763,-0.9827816,0.24174543,-0.46707407
0.9749205,0.24859393,-0.9625295,-0.42407727,-0.6825611,0.87159264,0.9962224,0.90405136,-0.9976906,-0.99133295
0.5850537,-0.74446374,-0.81764746,-0.9056022,-0.979761,0.9998409,0.71546155,0.69617605,-0.75533813,-0.99844116
0.8647728,-0.8547758,-0.99603,-0.17705081,0.7164596,0.3820601,0.9001821,0.997813,-0.9974812,-0.97434986
0.9987374,0.99590224,0.24998412,0.99608916,-0.9665559,0.99982953,-0.9970177,0.999743,-0.9595894,-0.16297847
0.9997946,0.2317969,-0.6995294,0.84139854,-0.13819537,0.99999094,-0.843049,0.99308515,-0.98354083,-0.6415742
0.99995035,-0.9317761,0.9991391,0.9997526,0.99738914,0.999998,-0.74337435,0.9964082,-0.92220974,0.688941
0.76389027,0.883766,0.39130354,-0.87682694,-0.93569785,0.99848175,-0.8609619,-0.4344086,0.9557122,-0.9997052
0.99968636,0.9983839,1.0,-0.16089538,-0.89197415,-0.5733256,-0.88866,0.4087312,0.83604497,0.99782556
0.8386752,-0.7719861,-0.9836006,-0.9992977,-0.9967513,-0.95795286,0.08147638,0.99998033,-0.99581146,-0.9922966
0.8779759,0.4962722,0.9933891,-0.6639621,-0.9698958,-0.8994497,0.93130106,-0.8000705,-0.86124265,-0.9999938
0.9914054,-0.11172255,0.9502622,-0.9972661,-0.96700877,0.89739335,0.9580434,0.87497884,0.7102484,0.8215061
0.9994428,0.9997241,0.9998968,0.6822783,0.97145873,0.93562794,-0.53740555,0.9401901,0.4413964,0.9997663
0.9742606,-0.9392875,0.9611245,-0.8905562,0.3216539,0.998269,0.96596926,0.97439426,0.9996124,-0.68125147
0.8772224,0.97284573,0.83933103,0.94637525,-0.8613903,-0.022922192,0.9782415,-0.9596728,-0.99471974,-0.5533751
0.8171386,0.9945316,0.98271316,0.4801181,-0.7583288,0.8897459,0.992574,-0.9213398,-0.73525465,0.860437
0.9689068,0.583612,-0.05446836,-0.9436903,-0.9985848,0.6323064,0.9706612,0.9941385,-0.9998335,0.4063045
0.9945999,-0.99565583,0.98901117,-0.9643651,-0.8602649,-0.13115972,0.9800291,0.9813277,-0.9938923,-0.77909714
0.999956,0.7669816,0.8992824,0.9851015,0.95340115,0.28011695,0.95014596,0.4456888,-0.99889255,0.7939839
0.9470605,-0.63645774,-0.9247702,0.974366,0.9058994,0.9999938,0.9999749,-0.31841213,-0.98215425,0.9554701
0.9055091,0.9851249,0.9194196,0.9048824,0.30815414,-0.91516733,0.9942171,-0.93874484,-0.9889551,0.6862221
0.5965719,0.79354876,-0.23845789,-0.9217719,-0.9167489,0.6507453,0.9978256,-0.3723748,-0.97017276,0.95637625
0.9989333,-0.9995892,0.9619619,-0.96057165,-0.31848556,0.9998921,-0.16547304,0.99999106,0.738948,-0.9997261
0.99843496,0.841637,0.99003977,0.75868684,0.0014476244,0.41768864,0.57040966,0.9951144,-0.9967127,0.18383661
0.9979631,0.9900968,0.9969191,0.9914288,0.86653453,0.9940377,0.22768363,-0.8618676,-0.010573575,0.9433407
0.99718934,0.9910869,0.66828394,0.5641634,-0.097730644,0.9986864,-0.9963051,0.9945747,-0.5453538,0.16593638
-0.08314671,-0.9970761,-0.60080796,-0.941913,-0.99210143,0.25845712,0.98978627,0.777351,-0.9971117,-0.9987355
0.9820514,0.99636424,-0.30285636,-0.3987184,-0.9154197,0.17893869,0.779299,-0.2499576,-0.9982669,-0.88403124
0.9909587,0.91923916,0.99497974,-0.4756502,0.6080366,-0.8819808,0.9903185,-0.8364381,-0.43958446,0.56487846
-0.7266131,0.90283746,0.85656714,-0.9565216,-0.8526159,-0.739191,0.98808044,-0.25887692,0.48339552,-0.96820486
0.84964025,0.93489915,-0.5028708,0.9372327,0.9985112,0.7927793,0.99952024,-0.9652567,-0.4729572,0.63976246
0.9321828,0.98737794,0.9575355,-0.285273,-0.93097496,0.9899349,-0.34314582,0.7329393,-0.5021923,0.23660117
0.6559084,-0.99813503,0.41411483,-0.99957156,-0.5266178,-0.8198431,0.9531289,0.98369354,-0.9592359,-0.9905591
0.99043715,-0.99331754,0.9981586,-0.90978986,-0.9192446,0.98505926,-0.89257735,0.9999336,-0.6670793,-0.99702394
0.999275,0.9907788,-0.8705261,0.9517301,0.17880365,0.99609816,-0.35888696,0.98832893,-0.9996763,-0.76296186
-0.43764177,0.31582534,0.9277918,-0.8804439,-0.98782897,-0.8902565,0.95947385,-0.05220959,-0.5232979,0.055999808
0.99595183,-0.2823732,-0.91321266,0.80571795,0.9775814,0.98273253,0.88754165,0.9941337,-0.14673647,-0.97675896
-0.37382552,-0.699286,-0.56938595,-0.9994963,-0.9995043,-0.2529503,0.2841407,0.999611,-0.9798779,-0.89252555
-0.8305561,-0.84126765,-0.58576906,-0.76474816,-0.93813694,0.9552868,0.9694935,0.44976205,-0.67473537,-0.71914434
0.92936164,0.9746607,0.88419265,0.4081741,-0.9390282,0.984276,0.8722127,-0.6420491,0.61870253,-0.99985546
0.99973965,-0.97922957,-0.71472687,-0.9912143,0.6308307,0.9989875,0.99080133,0.9589461,0.99189746,-0.9985486
-0.74492604,0.6379318,0.66211563,0.20216633,-0.7753451,-0.121689446,0.9997088,-0.9490283,-0.2373759,-0.9998942
0.9999329,0.8454612,0.7564699,-0.9989693,0.788117,0.967173,-0.029049335,0.99810296,0.9573157,0.40821
0.9935534,-0.6573529,0.99027044,-0.9676043,-0.94609165,0.9737905,-0.50878394,0.9949433,-0.191781,-0.99997085
0.9588834,-0.97186476,-0.668907,-0.9999946,-0.97917503,-0.7109147,0.9982553,0.96848637,0.97081965,-0.9999651
0.8457953,0.9918403,0.9893764,-0.9991716,-0.99988437,-0.9837005,0.21313544,0.6206345,-0.94926244,-0.98962164
0.47035265,0.8098839,0.39208093,-0.82150835,-0.74405,0.95298713,0.9617927,-0.63124585,-0.8260536,-0.46470895
0.5701544,-0.97623026,-0.62729853,0.6366864,0.98432875,0.99473566,-0.38181108,0.9963427,-0.873512,-0.9990201
0.90161663,-0.83362836,0.9893132,0.99974304,0.9778629,0.9694594,0.9825584,0.30916247,-0.9994944,0.44324976
0.4317641,-0.9999763,0.6315798,-0.9776918,-0.9967443,0.0022233098,0.5699268,0.99987084,-0.9995347,-1.0
0.14046639,0.9929934,0.01996217,0.53573793,0.10395976,0.21426037,0.95612526,-0.0077440673,-0.9969779,0.49804857
0.97657865,0.5588411,0.6228389,-0.93925613,0.45803663,0.9852979,0.6266593,0.7336534,0.83961546,-0.9171523
0.9974748,0.40798876,0.97918695,-0.93232775,-0.91187936,0.9759941,0.91398525,-0.16197361,0.99833214,-0.98583007
0.9616506,-0.75091606,0.94953406,-0.54321766,0.3840143,-0.86549044,0.9918381,0.34591517,-0.9643966,-0.87406325
0.9953392,0.74420214,0.99406165,-0.88205236,-0.6306369,-0.9748438,0.9983697,-0.24899055,0.7031647,-0.92056924
0.7756759,0.31300348,0.8081158,0.83006775,0.99557,-0.14637423,0.9937188,-0.4083874,-0.97126967,-0.15036277
0.97545964,-0.15672101,0.9884577,-0.99836475,-0.9995341,0.8207487,-0.3211757,0.99983734,0.60244805,-0.92587835
0.50965005,0.5270897,0.97954804,-0.27662712,-0.39358512,-0.99769044,0.99961704,-0.07229824,-0.9840713,-0.7805147
0.92092896,0.857535,0.9920384,-0.8013501,-0.75902194,-0.02837539,0.48915896,-0.9121571,-0.51018345,-0.99085087
0.9668117,0.9999489,0.9852427,0.99986094,0.8607208,-0.13639198,0.29199106,0.08121306,-0.99057215,0.48771238
0.9947121,0.99867254,0.81062216,0.10868205,-0.81492925,-0.9018732,0.9877837,-0.8286558,-0.9732631,-0.9574431
0.98320293,0.9998457,0.9939391,0.72319126,-0.9280201,-0.9998068,0.8326187,-0.971923,-0.9241114,-0.99981123
0.9397754,0.82816964,0.9422009,0.4098546,0.9643343,-0.15401112,0.99093413,0.42612326,0.9829255,-0.9999733
0.9886837,0.99952,0.86419445,0.9821586,0.93896645,0.9986633,0.087234154,0.12180837,0.80570257,0.7054048
0.60465914,0.8084776,0.52002937,-0.9540607,-0.32632565,0.8577886,0.97633284,0.015917307,-0.9065564,0.03218846
0.9980428,0.15045518,-0.88970596,-0.9989778,0.7883677,0.9727953,0.95072013,0.9944883,-0.061335523,-0.9986268
0.88340086,0.18399602,-0.9953602,-0.83959633,0.18415174,-0.5197027,0.9444935,0.98022866,-0.4727917,-0.99976426
0.9943231,-0.62703884,-0.40732393,-0.9215272,-0.7583867,0.9561297,0.26915246,0.99437845,-0.99978524,-0.19506381
0.765844,0.9732039,-0.9542645,-0.42892763,-0.88803,-0.84649575,0.98037577,0.9684442,-0.96991795,-0.99849665
-0.82372886,-0.69701934,-0.067606375,-0.9992312,-0.949138,0.17566389,0.9923961,-0.36165565,0.34798005,-0.9980465
0.9993472,-0.9965954,0.99750865,0.99160737,0.99663717,0.14176206,-0.49749586,0.98911965,-0.99715114,-0.99865806
0.8229153,0.4889369,0.92220134,-0.9841858,-0.36542162,-0.013362028,0.9707052,0.97878534,0.9940208,-0.99524176
0.99056894,-0.9635831,-0.98954886,-0.4854345,-0.4165593,0.8927907,0.98918116,0.8740702,-0.99998057,-0.9962995
0.9989561,-0.8138416,0.99714303,-0.7460524,0.6928132,-0.47380692,0.93516004,0.30553138,-0.9475008,0.22836909
0.07341997,0.92075986,0.9991523,0.943824,-0.65671176,-0.95180833,0.9971049,-0.5097308,-0.5776838,-0.7242945
0.99939793,-0.8989867,0.9818203,-0.8527645,0.9691403,0.9987346,-0.5053825,0.9073605,0.72617435,-0.88515466
0.99658287,0.7947401,0.9404007,0.5473873,-0.909298,0.99997854,-0.93112725,0.8946264,0.30414656,0.0002103541
0.9868766,0.9937236,0.89894086,-0.8993986,-0.43774372,-0.43232232,0.81570417,-0.28890613,-0.7834283,-0.8052713
0.9636976,0.071657404,-0.49951786,0.93119705,0.9912214,0.9736767,0.9999884,-0.9956554,-0.96867925,0.44055447
0.72104645,0.5376083,0.9830978,-0.9840723,-0.99046797,-0.99992406,0.9609043,0.49614352,-0.85047907,-0.9999879
0.9942618,0.88967395,0.96933395,0.9901038,0.90292966,0.9992732,-0.9722046,0.82237715,0.46832603,0.96218485
0.99974644,0.95171434,0.88454515,-0.5012807,0.9757959,-0.73998326,-0.3006264,0.7616367,-0.8267742,-0.366337
0.99543625,0.9701389,0.99758524,0.51625705,0.93529725,0.94812006,-0.7092398,0.28049618,0.17732133,0.5209725
0.99590284,-0.9215991,0.99811506,-0.70260906,-0.68096834,0.5709976,0.3477059,0.76232487,-0.70380473,-0.9998515
0.87762094,0.99996126,0.999867,-0.98100185,-0.9936434,-0.45365566,0.9518519,-0.99804187,-0.72794455,-0.5226736
0.9777738,0.5421364,0.9863033,-0.9191078,-0.8646001,0.8628853,-0.69772404,0.9987488,-0.8758175,-0.42382923
0.98592573,0.99424773,0.9716328,0.89626664,-0.99758536,-0.83101845,-0.75315773,0.9995716,-0.99628973,-0.74312717
0.8830649,0.5994882,-0.030704679,0.73577684,0.052487876,0.99995863,0.7307343,0.99122417,0.9558046,-0.48182094
0.87027645,-0.882119,0.9105251,0.998584,0.85376316,0.13359024,0.9868944,-0.43102905,0.6610317,-0.9991947
0.5264874,0.99997264,0.995319,0.99977607,-0.91157204,-0.90576875,0.9845171,-0.20862451,-0.99979955,0.9430102
0.77938557,-0.80948746,0.9828036,0.23182508,0.4416101,0.91482556,0.977463,-0.6991204,0.72278905,-0.99965596
0.9925102,0.953554,0.9998754,0.98919964,0.51221955,-0.37015325,-0.15176669,0.9300668,-0.65180725,0.95473427
0.9847499,-0.7875967,0.95470744,-0.08229615,-0.06320005,0.9990589,-0.9990815,0.9999632,0.81101257,-0.9790397
0.99781394,0.20450018,0.9925324,-0.9966596,-0.99572134,0.8450448,0.9917147,0.22053052,0.04162734,-0.2978164
0.9943395,0.86099607,0.9129466,-0.797699,-0.9784648,0.75596446,-0.8545874,0.9911703,-0.9989374,-0.9976194
0.9998467,-0.9674676,-0.86332,-0.93878657,-0.9759647,0.97730345,0.8955807,0.98587584,-0.9997234,-0.99872065
0.99953216,0.7727804,0.99996203,-0.6216557,-0.9673336,0.9892184,0.292305,0.96098065,0.22824822,-0.7847126
0.8859914,-0.07369219,0.654621,0.980322,0.7685225,0.4395154,0.99419546,-0.8644209,-0.90057665,-0.99933815
0.8842099,0.9926421,0.15748753,0.9994997,-0.07342386,-0.7130547,0.9944297,0.32042676,-0.9999332,0.4562936
0.72317433,0.9870607,0.99448323,-0.9753195,-0.73862374,-0.8884176,-0.9592615,0.9891783,0.9202349,-0.9949205
0.96789587,0.9388246,0.9991768,0.9918976,0.82989013,-0.94986945,0.8897465,0.5965921,-0.90867096,-0.5169146
0.9982884,-0.8915074,0.99999934,0.9175565,0.40449634,0.9522885,-0.912078,0.9960585,0.9113332,-0.6024331
0.8862881,-0.94118625,-0.35660747,-0.10252373,0.84010774,0.9791934,0.97215027,0.97808504,-0.32377166,0.29473022
0.95682275,0.7547707,0.9218561,0.78246653,-0.0908842,0.99999654,-0.9931597,0.99607027,0.98303163,-0.99479234
0.8091435,-0.7527257,-0.846301,-0.05474715,-0.77910125,0.9976118,0.57891953,0.9946955,-0.091180615,-0.9992587
0.9627322,0.8136499,0.8784855,0.8138773,-0.6145966,0.99298185,0.96934175,-0.72383255,-0.1715585,-0.3437524
0.97335464,-0.93495077,0.9391825,0.28259924,0.9031223,0.99518603,-0.8601328,0.99947554,0.6442311,-0.99974126
0.8449796,0.9967984,0.9999917,-0.28266945,-0.9041667,0.07920187,-0.85759914,0.92320603,0.94690675,-0.3011097
0.86784136,0.99024004,0.8660346,0.91348624,-0.9113817,-0.895786,0.974774,-0.9177613,-0.9647732,-0.9999842
-0.9286332,0.33818287,-0.122596934,-0.99358624,-0.99630356,-0.57259744,0.99825853,0.9951134,0.6607864,-0.8532511
0.9877594,0.7786437,-0.13016835,-0.9769574,-0.99982077,0.7501787,0.69190836,0.9992541,-0.9992843,-0.99981076
0.3578421,-0.0857807,-0.3490363,-0.08887523,-0.9117483,-0.9902775,0.9612661,0.991109,-0.998289,-0.9533438
0.4963474,-0.8946457,0.683644,-0.9879192,-0.8431016,-0.9882413,0.98151046,0.9084558,-0.9957132,-0.9979941
0.9332408,0.6356254,0.65106255,0.8774971,-0.7213555,0.98408127,0.9674808,-0.691265,-0.97232634,-0.8286398
0.8585958,0.9996996,0.16801903,-0.9534318,-0.9829047,0.18963304,0.96165574,0.822988,0.47474524,-0.51446146
0.9971855,0.78490007,0.9370781,0.7570841,0.98429817,-0.8773804,0.99343824,-0.08688968,-0.17293103,-0.99995077
0.99915206,-0.09930478,-0.96460146,0.13232681,0.9916438,0.9964138,0.8919133,0.5824024,0.21513408,-0.9997875
0.997565,0.9689376,0.9998033,-0.9989587,-0.9966099,-0.97314924,0.97990686,-0.60056627,0.5642025,-0.97496164
0.9791625,-0.99248797,0.9813999,-0.99872977,-0.9580365,-0.2839214,0.9186073,0.9881448,-0.5830174,-0.99812067
0.99735117,-0.6101814,0.97084713,0.20953134,-0.94858956,0.27800378,0.70967966,0.77345264,-0.9992346,-0.7856614
0.9777571,-0.67175937,0.9085855,0.53349674,0.9839893,-0.752562,0.9037345,0.99864215,-0.9944069,-0.90193534
0.9905291,-0.4006601,-0.58807284,0.9841672,0.9967408,0.9406031,0.9344211,0.9435847,-0.72161615,-0.99424446
0.97652,0.87021106,0.13817815,-0.9999897,-0.9977338,0.43097335,0.99813014,0.15671994,0.9994122,-0.9998681
0.18468063,-0.10269861,0.71358764,0.9358615,0.816838,-0.5860581,0.9584263,0.539943,-0.14201933,-0.99970275
-0.4508556,0.32204518,-0.7862197,-0.5277427,-0.31843728,0.6044108,0.9999847,-0.9451316,0.06759537,-0.9998695
0.9481405,0.9928539,0.010410881,0.8414732,-0.9097669,0.6534784,-0.91405666,0.983822,-0.87985086,-0.86591214
0.7947427,-0.9995923,-0.971662,-0.99682575,0.304418,0.80605423,0.99782676,0.960309,-0.9997146,-0.9999576
0.96816784,-0.8652035,0.9993282,0.97636086,0.54783005,0.9994703,-0.9424111,0.9982089,0.6844624,0.7008325
0.8906138,0.9998918,0.9982087,-0.23542176,-0.8777692,0.9089156,0.9994466,-0.99968576,-0.84018564,-0.14730166
0.9953986,-0.7795828,0.8302467,-0.9990879,-0.9979262,-0.8573886,-0.10888539,0.99980664,-0.97008234,-0.9941528
0.9988423,0.87175626,0.9998836,0.9878724,0.9736965,0.9937315,-0.9657879,0.90817136,0.9944555,-0.78179836
0.23346989,0.46935257,0.9953482,0.10526728,-0.044249713,-0.6597843,0.4520605,0.44862902,-0.15894386,-0.9841861
0.9240294,0.98858297,0.99938786,-0.9969433,-0.94198143,-0.8908406,0.9459523,0.13503924,0.996772,-0.9970261
0.99797213,0.94900066,0.99424005,-0.8188455,-0.9589792,-0.6369465,0.7765803,0.18907607,-0.16198243,-0.961504
0.99994516,0.024470856,-0.85094845,0.96207243,0.9996746,0.92667323,0.99631274,0.90868336,-0.9997984,0.35987678
-0.67858195,0.992125,0.36490783,0.8066267,-0.9976875,-0.9962955,-0.9507339,0.98508555,-0.99331677,-0.99997777
0.8578527,0.5101005,-0.8060963,0.9997472,0.99248934,0.79272676,0.9999982,-0.9886104,-0.9788485,0.23591895
0.8276739,0.035205655,0.9814561,-0.1963645,-0.44281986,0.9997396,0.87347335,0.42855123,0.9998044,-0.99593735
0.77762634,0.9949946,0.99925804,0.4257365,-0.6227276,-0.5795198,-0.7587565,-0.6774411,0.97454077,-0.90300596
0.9932571,0.44829983,0.15023418,0.7164571,0.8669728,0.9995906,0.27478766,0.53407425,0.25059223,-0.95636237
-0.7396885,-0.90811765,-0.9551097,-0.99996865,-0.98937184,-0.9920912,0.9999812,-0.7180726,-0.8395947,-0.9997239
0.8409,0.7519479,-0.25045964,-0.9417462,-0.9623709,0.95694315,0.83379567,0.06993327,-0.3849894,-0.6913436
0.99751294,0.78842837,0.9828157,0.9370764,0.6594949,0.99909765,-0.8846084,0.9733192,-0.85667133,-0.6547377
0.9985467,-0.5318814,0.81151503,-0.88806105,0.27991456,0.98966014,0.9988793,-0.91321343,0.08965411,-0.99692124
0.6058171,-0.81231487,-0.94427407,-0.8256588,-0.73482,-0.9068876,0.9138694,0.998698,-0.9999153,-0.99700993
0.9790583,-0.9222195,0.1189324,-0.8498241,-0.6643669,-0.15055259,0.9997353,-0.5808016,-0.9890055,-0.999825
0.007356867,0.70334256,-0.32600746,-0.9994203,-0.9347455,0.1809628,0.9999989,-0.93318903,-0.98683155,0.86473393
0.98208684,0.08374981,0.22890614,0.97161573,0.5042026,0.9758313,0.397791,0.78754586,-0.9952257,-0.99988806
0.89936554,0.9985606,0.9963351,0.99327254,-0.7865732,-0.3362796,-0.6836326,0.98377883,-0.91315025,0.8719316
0.75267655,-0.94725245,0.9994026,0.9110226,-0.39848822,0.9998379,-0.99972934,0.99997526,0.92307067,-0.9999845
0.99587834,0.90979725,-0.64746875,-0.99408686,-0.90867007,-0.9997836,0.87201184,0.99906355,-0.9999943,-0.987164
-0.782883,0.8197268,0.99938536,0.6288474,-0.9979479,-0.91802746,-0.30086526,0.7417404,0.6690658,-0.9999831
0.9985974,-0.71479315,0.43573725,-0.56811774,-0.81917876,0.98531073,0.99655586,0.8453747,0.7609074,-0.9998672
0.99979675,0.99938214,0.99997324,0.99821055,0.98741466,0.99956065,0.8706567,0.7041455,-0.9255669,0.9999852
0.93551314,-0.9778143,0.94493604,-0.9674339,-0.03381009,0.98772025,0.9542921,-0.31724435,-0.81728727,-0.58905095
0.99612,0.024953296,-0.2922688,-0.31091157,0.2557093,0.9999449,-0.9424433,0.999979,-0.8814094,0.7723282
0.9841512,0.22622205,0.34518358,-0.9999853,-0.50064766,0.56829935,0.55057615,0.961116,0.49046525,0.44428134
0.8283938,0.9941708,0.9914931,-0.99915934,-0.9998209,-0.97007066,0.9665253,0.027685637,-0.25074717,-0.15629077
0.92393744,0.9645045,0.9759316,0.7862626,-0.9828863,-0.97566825,-0.8502975,0.8719487,-0.9994466,-0.9997658
0.9973854,-0.7412923,0.9960322,0.19982429,0.9953499,0.9605821,0.10526266,0.9893659,0.83872503,-0.9840198
0.97502166,0.96782255,-0.9880209,0.8582481,0.97802746,0.9167868,0.86293393,0.84711856,-0.9620353,-0.9599294
-0.16199261,-0.32143986,-0.24863297,-0.9997936,-0.99213934,-0.96919906,0.99943787,0.65935916,-0.92406946,-0.96761954
0.2861473,-0.841287,-0.9737105,-0.9114556,-0.99561465,0.09687062,0.866765,0.99161357,-0.99817467,-0.9890682
0.97456574,0.88585365,0.9097149,-0.9994267,-0.5297311,-0.5474256,0.9712788,-0.913185,0.38386238,-0.9996707
0.65059793,0.9934039,-0.76281565,0.9854962,-0.7828976,0.4799487,0.9918165,-0.9311519,-0.9327255,-0.99986947
0.9637322,0.4815372,0.99976283,-0.9968336,-0.99805516,0.99502784,-0.89583665,0.99465895,0.78170604,0.9769186
0.9988138,0.99331266,0.9938772,0.94118935,0.115201086,0.7732,-0.17265481,0.17668906,-0.97826993,-0.74864864
-0.08423986,0.9921883,0.9989646,0.99508566,0.53359,-0.99999076,0.9993785,-0.3452946,-0.9993396,-0.973688
-0.21708404,0.8906557,0.52271825,-0.44131163,-0.5312573,0.99057204,0.8942265,0.3359754,0.7467749,0.09571792
0.7818141,0.9277838,-0.620266,-0.99990934,-0.95515865,-0.3470381,0.9939173,0.11961838,0.44933617,-0.9885291
0.9023496,-0.8058339,-0.98743427,-0.9774081,0.9718417,-0.9345348,1.0,-0.99279594,-0.99967957,-0.57471764
0.95170754,0.97782534,0.91923535,0.8154618,-0.29334977,0.87702674,-0.9512638,0.99979544,-0.9970276,0.97791773
0.8567143,0.70061576,-0.7370438,0.7561282,0.41615933,0.92076665,0.99944884,0.9063618,-0.99373204,0.6029429
-0.76384866,0.33619443,-0.13896309,-0.9990001,-0.95956534,-0.9572597,0.99980336,-0.82997394,-0.8717163,-0.9999775
0.997519,-0.91371244,-0.47449094,-0.43630233,0.96581525,0.9999374,-0.6047573,0.99998456,0.3236975,-0.83104193
0.11493492,0.9988468,0.91775846,0.9897289,-0.91659456,-0.9640151,0.68171436,0.49481696,-0.9995508,-0.97844297
0.9955393,0.41998875,0.6955391,-0.42768615,0.99117845,-0.96405774,0.9981163,-0.6694116,-0.86810434,-0.9995989
0.99832004,0.99771816,0.9855338,0.8357322,-0.4911582,0.36718106,0.92315656,-0.39964855,-0.76343036,-0.31219056
0.99942636,0.99951446,0.99921346,0.18328272,0.037883114,0.95478266,0.26222593,-0.38521233,-0.91079104,-0.85654175
0.9382105,0.41223907,0.98631316,-0.42097786,-0.52909863,-0.9318701,0.91126436,0.9807317,-0.993824,0.81202483
0.998178,0.9800812,0.6706462,0.9996156,0.9581797,0.7303417,0.9729784,0.58260345,-0.994858,-0.7608075
0.066387676,0.0172599,-0.94865406,-0.9968937,-0.9986085,-0.9447785,0.9965355,0.9808133,-0.9995884,-0.52545136
0.90152335,0.94065374,0.9974646,0.9677782,0.90283656,-0.5499501,0.5462772,-0.40140226,-0.97983754,-0.9972347
0.9899739,-0.9896699,0.22296652,-0.9682865,0.34923956,-0.18697152,0.9996929,-0.08094978,-0.9125189,-0.9927949
0.9884095,0.9965765,-0.9349607,0.71015304,0.9516273,0.71348226,0.24360591,0.93728983,-0.6751455,-0.99244726
0.9995041,-0.78744286,-0.996344,0.88261735,0.9245846,0.99764335,0.9996664,-0.98879856,-0.9976816,-0.9999743
0.9974416,0.12741047,-0.99997205,0.31769392,0.97227114,0.997236,0.9957124,0.9640058,-0.9996573,-0.9998724
0.98402995,0.9999898,0.9992476,0.9996018,0.6110554,0.6494547,-0.97113955,0.9819957,0.385681,-0.94562405
0.72705555,0.939262,-0.38391313,0.9929755,0.9319616,0.86564237,0.99994814,-0.9835115,-0.9886667,-0.2321586
0.9911607,0.18601649,-0.44343904,-0.97248924,-0.7833743,0.8918328,0.9949993,-0.6468566,-0.13579991,-0.978603
0.99865514,-0.66431826,0.9572696,-0.99628603,-0.9866904,0.94630986,-0.61506003,0.9990722,0.942687,-0.9999993
0.7600315,0.49691164,0.99693376,0.9817016,-0.88646823,-0.9254529,0.78138,0.85926634,-0.9110649,-0.9997093
0.99677473,0.98268974,0.999789,0.9527666,-0.7900452,0.96114224,-0.6882586,0.23223513,-0.56067044,0.958438
-0.101715766,0.9439457,0.36698028,0.8856844,-0.1526304,-0.30467883,0.7924419,-0.19118327,-0.93563443,-0.66899544
0.98373264,0.9710686,0.9915869,-0.12095102,-0.9575285,0.9999392,0.3700761,-0.34539974,0.537502,0.97996587
-0.3634929,0.8661127,0.8499071,-0.9982257,-0.9575374,-0.8563301,0.9955404,0.86098,-0.96104014,0.9854642
0.7091027,0.99534225,0.49526185,0.8749352,-0.96304077,-0.9649354,0.6958112,0.8490501,-0.9555407,-0.559963
0.9569965,0.807692,-0.9145671,-0.3872629,0.17191954,0.7277808,-0.06911993,0.9890923,-0.69314206,-0.9981882
0.9764087,0.9999009,0.96828514,0.80787134,-0.9993509,0.25651962,-0.9858769,0.9995953,-0.9706087,-0.8489219
0.7912791,-0.8310227,-0.96165526,0.98220646,0.6032462,0.98394144,0.99963903,-0.95286685,-0.99920744,-0.9999998
0.5811002,0.9787935,0.87402594,-0.25241593,-0.94915944,0.95060694,0.98176074,-0.43727615,0.8091931,-0.9417204
0.9968502,0.9991197,0.99922526,0.7437471,0.18803596,0.99328834,0.9988986,-0.8698845,0.69097316,0.9826559
0.9757535,-0.27611023,-0.9485152,-0.49101135,0.07562247,-0.6186793,0.9997298,-0.90067554,-0.9743725,-0.9999468
0.99980474,0.27531877,0.99998766,0.94112355,0.91748554,0.99996215,-0.9724437,0.98041207,-0.20193721,0.9993324
0.9989395,-0.91779053,0.5909439,0.9982736,0.99956614,0.9999787,0.36528215,0.9998694,-0.99300534,0.8129138
0.99978435,-0.90355045,0.7814905,0.9881014,0.9896314,0.9999319,-0.8499822,0.9954927,0.5618005,-0.99130565
0.32199192,0.9287057,0.9101837,-0.99777985,-0.980345,-0.8768228,0.9984148,-0.957783,-0.9910854,0.76389337
0.9985114,0.6896377,-0.94437116,-0.84853935,-0.114596434,0.9998686,0.61280245,0.98082614,0.6508918,-0.9086668
0.9997452,0.998136,0.9805139,0.99594665,0.6409919,0.99967104,-0.96190107,0.38138098,-0.8449721,0.7759108
0.9488502,0.9995847,0.94417584,0.68342996,0.3053578,0.99733055,-0.98289764,0.9499863,0.18168044,-0.29750675
0.96275574,-0.764927,0.99314046,-0.96479446,-0.87092435,-0.3480197,0.9943844,0.8235974,0.6991121,-0.96627563
0.9872715,0.502049,-0.99574953,-0.9441721,0.71285105,0.9894182,0.8952682,0.8302312,-0.7944735,-0.9999387
0.99879867,-0.84373146,0.9770452,0.16863817,0.99167293,0.23958315,0.9999564,-0.86155397,-0.93068445,-0.97322553
0.9965173,0.9973628,-0.99990535,0.7216144,0.318483,-0.2821608,0.9963622,-0.6643629,-0.9996914,-0.99999297
0.59523046,-0.75288147,-0.3681564,-0.8261762,-0.99718237,-0.9960202,0.935198,0.99963343,-0.990593,-0.99900544
0.99516445,0.5649564,-0.10009094,-0.999908,-0.9946134,0.94727474,0.9453417,0.9586817,0.8625469,-0.9557981
0.9996713,0.57455534,0.49814123,0.9998792,0.99956584,0.99627197,-0.7923508,0.9733367,-0.984493,-0.7531571
0.997932,0.9996615,0.9999833,0.99944675,0.9863081,0.9999985,-0.9977554,0.82637954,0.98578525,0.97926325
0.68922186,0.57071775,-0.06282268,-0.9998977,-0.9975962,-0.8905252,0.99924296,-0.7139719,0.34781033,-0.9984065
0.9936449,0.9983419,0.42177764,0.9841509,0.7783321,0.9998083,-0.27922466,0.9139671,-0.5972166,-0.57514936
0.9821432,-0.9638626,0.8597309,-0.25111356,0.26663166,0.80670226,0.72765166,0.9953241,0.47263113,-0.99997914
0.9727945,-0.3220879,0.9722469,0.9997946,-0.7267073,0.8657207,0.09315935,0.86421996,-0.9233945,-0.99756193
0.99336565,0.46126965,0.8202763,0.9602618,0.7690346,0.7494063,0.942008,0.30418617,-0.6828411,-0.16023016
0.99061006,0.9997416,0.63359493,-0.998897,-0.99992573,-0.5968929,0.8947927,-0.6141925,-0.9886873,-0.98724115
0.97247875,0.9859842,0.4129128,0.98356974,0.9907335,-0.6235984,0.72110546,0.50337404,-0.6301006,-0.96713835
0.99556184,0.49015278,0.9341051,-0.999266,-0.9273481,0.9485631,0.99775296,0.948256,-0.9900757,0.9991696
0.92785543,0.9937447,-0.79457515,0.8867792,-0.8804392,0.072053075,0.8272305,-0.27524692,-0.990662,-0.9962533
0.99960667,0.59334886,-0.97017866,0.99812204,0.9981375,0.9896755,0.9995212,-0.7678731,-0.987356,-0.9930538
0.99391806,0.95976156,0.8265017,-0.25151494,-0.7748148,0.9853652,-0.9005144,0.8356763,-0.97040975,-0.43952566
0.9991034,0.9862666,-0.6966167,0.71176356,0.65165144,0.5008232,0.8552331,0.9521464,-0.9993023,0.27601835
-0.22633035,-0.8369495,-0.9774415,0.5448097,0.812443,0.3927971,0.9998994,-0.69437313,-0.99904186,-0.99960744
0.99942476,0.9931262,0.9737226,0.47480163,-0.9647189,0.99995404,-0.9952921,0.9475567,-0.39875764,0.268608
0.91483605,0.5772009,0.98729384,-0.9688995,-0.86037886,-0.21833785,-0.36981767,0.87130207,0.36150837,-0.989429
0.99922824,0.584667,0.8662206,0.9924592,0.31213784,0.9477905,-0.98487914,0.9995093,-0.9955937,-0.8813266
0.9986593,0.9991712,0.4876544,-0.07244426,0.983901,0.9448097,0.9963079,-0.87531245,-0.4042766,-0.9395328
0.90299535,-0.9798882,-0.972411,0.7229471,0.74091727,0.9959158,0.4896825,0.9946412,-0.5445009,-0.9992053
0.31844854,0.97659045,0.9305826,-0.89356256,-0.99967355,-0.78536046,-0.109964095,0.68483603,-0.97026837,-0.99987197
0.59160084,0.9195123,-0.97690654,0.8670044,-0.09897205,0.99462146,0.9996902,-0.85607,-0.99430543,-0.99956495
0.17352982,-0.680021,-0.7159511,-0.98723745,-0.92308223,-0.8490713,0.9995616,0.9946081,-0.9973874,-0.18529657
0.99257886,0.83896273,0.99270946,-0.5448469,-0.5257779,0.9699626,0.7478115,0.9913473,-0.53996325,0.9851311
0.9974574,0.7789299,0.9949881,-0.9693958,-0.2775181,0.97083426,0.67431366,0.88843465,0.9291999,0.7471323
0.9989355,0.93322253,0.31103933,0.91260946,0.9278022,0.9955794,-0.65990365,0.70524484,-0.9575777,-0.8810801
0.9772567,0.13962355,0.7549636,-0.6963732,-0.9960518,0.89420056,0.6340673,0.8427806,-0.5496377,-0.99283427
0.14798824,-0.11651265,-0.8069452,-0.9970916,-0.92985696,-0.4625552,0.9998342,0.9556261,-0.9992685,0.99104184
0.79426086,0.98311335,-0.89691544,0.7731385,0.826142,0.91884947,0.99211615,0.82553124,-0.9999348,-0.47607765
0.033303067,0.99825376,0.99903,-0.08161848,-0.41956097,0.32631058,0.4036943,0.93049616,0.98625547,-0.30607685
0.99137837,0.9465565,0.1537377,0.821387,0.88963604,0.6494115,0.73358417,0.42199093,-0.99249536,0.15546755
0.9975263,0.9999671,0.99968123,-0.20160866,-0.7533344,0.99724466,0.5888,-0.24949436,-0.22858936,0.9986595
0.98581165,0.14719243,0.93391913,-0.056303445,-0.9975891,0.9499992,-0.9905245,0.99988246,-0.99993575,-0.9998185
0.89045197,0.9119326,0.10332438,-0.87955946,0.9835138,-0.9975556,0.9978645,-0.9900597,-0.5645285,-0.99982256
0.958424,0.42249718,0.88609,0.78836364,0.9942148,-0.923877,0.9985106,-0.4753914,-0.8495314,0.92186606
0.99986184,0.97815156,-0.984306,-0.5930135,0.9370318,0.99982554,0.8422698,0.99950075,-0.9386127,-0.7027688
0.9964459,0.9826659,0.93642575,-0.97305125,-0.83870775,0.9812901,0.43667737,0.84661674,0.08564084,0.91817224
-0.13892098,-0.6509512,0.33127126,-0.79960954,-0.36179185,-0.09424172,0.9545857,0.09443053,-0.99441373,0.008222687
0.7509433,0.9642552,0.7289199,0.5224091,-0.8492511,0.7572647,0.3432784,0.97122216,-0.9983665,0.8688701
0.905068,-0.94680935,0.9691095,-0.9999984,-0.9447769,0.8773227,0.99991757,-0.91941625,0.9954985,-0.9978258
0.9970962,0.7031423,0.9996901,-0.9840988,-0.72343457,0.99782944,-0.6057039,-0.2970922,0.8953657,0.33722696
0.74639577,0.87328607,0.6381299,-0.9999844,-0.99837065,-0.99978703,0.99979365,-0.95581657,-0.9968288,-0.9960149
0.95005447,0.99865025,0.9989726,-0.94414747,-0.99034923,0.99988467,0.2641075,-0.80257744,0.99987286,-0.13475163
0.99935174,-0.925661,0.4802698,0.62441736,0.85045177,0.963424,0.4362245,0.6434128,-0.98912394,-0.99893034
0.98872066,0.862241,-0.8656346,-0.98231506,-0.9456494,0.9993745,0.9946325,0.9114044,0.58255935,0.7300434
0.93343294,-0.9756052,-0.8369218,-0.9251125,-0.84550667,0.99931604,-0.071334586,0.99804205,-0.9555001,-0.31590444
0.99571276,0.8810771,-0.95152944,0.92161113,-0.8088443,0.99610573,0.99261767,-0.24247512,-0.99999523,0.7930573
0.97041476,0.970768,0.99966127,0.58555716,0.5011649,0.9106674,-0.9588232,0.9943128,0.08971207,-0.82449675
0.9387757,0.992666,0.99115974,0.72762924,0.2419568,-0.79492354,-0.087237485,0.090634175,-0.22724298,-0.6264538
0.84445345,0.5982557,0.70569474,0.8939236,0.4901911,0.7669426,0.99975055,-0.99242723,0.83979946,-0.9998773
0.9960968,0.9950367,0.987096,0.9956633,0.9996068,-0.90479714,0.79952884,0.5428292,-0.99693644,-0.8534978
0.91376686,-0.9903569,0.98835677,-0.9048342,-0.19555391,0.84260154,-0.49472708,0.9817168,0.97978145,-0.9996618
0.903878,-0.93457764,0.999813,-0.45815438,0.6161888,-0.9774172,0.99586827,0.16477504,-0.787932,0.974984
0.99811125,0.99997574,0.98026687,0.9510131,-0.09045742,0.97090226,0.042582367,0.39507285,0.2947772,0.08914577
0.99055356,0.99937993,0.7193681,-0.99320453,-0.9980748,0.34352154,-0.7070466,0.9989003,-0.8636528,-0.45508498
0.9982043,-0.9766422,0.9893662,-0.12670842,0.89051074,0.999789,0.89592105,0.99078715,-0.96026474,0.9931898
0.984836,0.83036435,0.8414,-0.99697196,-0.64848644,-0.9547603,0.9978736,-0.55441546,-0.46110845,-0.99965906
0.9513705,0.6177978,0.47979224,-0.9334647,-0.77894866,0.51768047,0.99378085,-0.4378457,0.91726476,-0.9984888
0.8147204,0.999762,0.82369745,0.23126972,-0.8763784,-0.66494185,0.9852021,-0.52817065,-0.9691076,-0.68518466
0.9295944,-0.9857105,0.9917362,-0.9853312,-0.45402485,-0.9440333,0.9993985,0.06871445,-0.25712532,-0.98907834
0.8790115,-0.99655324,0.9717735,-0.9999806,-0.96759105,0.68117267,0.9999985,-0.5023011,-0.81917316,-0.5844036
0.9995824,0.14675412,-0.22722256,-0.99948215,-0.90825,-0.37593633,-0.7347643,0.99999726,-0.9996734,-0.8651375
0.9631256,0.9647275,0.9873945,-0.65220433,-0.90015537,-0.9851026,0.9901083,-0.98800266,-0.54732233,-0.996953
0.98980063,0.9554501,-0.36593214,0.6163043,0.8117745,0.4830977,0.99782586,0.7743118,-0.9991998,0.9533714
0.9511968,0.99930495,-0.44529608,-0.9996253,-0.36448988,-0.9960223,0.9869859,0.26037416,-0.94122034,-0.9925265
0.9990967,0.8831089,-0.94899756,0.8169838,0.9876362,0.9885946,0.9987195,0.17593676,-0.95796263,-0.688601
0.994113,0.9186621,0.9950547,-0.7191331,-0.8967859,0.9254555,0.23166634,0.7137617,0.04708841,-0.96982133
0.43322694,0.9756519,0.33338216,0.16746224,0.95288604,-0.7228865,0.92835665,0.9534044,-0.9966459,0.99463826
0.25280392,0.083916806,0.44257194,-0.9596949,-0.9479167,0.9359622,0.83506507,0.9429944,-0.08794681,-0.97556704
0.9680141,-0.49532405,0.86013323,-0.93302804,0.9871188,-0.5337707,0.9970153,-0.79782414,0.34873924,-0.98787415
0.99970156,0.9945922,0.6189583,0.7602953,0.9797705,0.97876364,0.61536735,0.85826623,-0.9856159,0.9662051
0.37067237,0.18252043,-0.98489296,0.03755057,-0.52903026,-0.8796753,0.98169905,0.7040235,-0.9997974,-0.99996865
0.8035785,0.2912377,0.90334827,-0.99215645,-0.99492663,-0.9461242,0.8852353,0.44035676,-0.6705515,-0.9945329
0.8773711,0.9369128,0.9890896,0.4606013,-0.9603371,0.8512444,-0.08028263,0.7767607,-0.8211319,-0.8570674
0.27409843,-0.81025475,0.9915338,-0.22629175,-0.686516,0.9942622,-0.98866224,0.999896,0.9959071,-0.45581922
0.98534703,-0.9724829,0.9682898,-0.9108488,-0.98569906,0.5685311,0.67288864,0.99783355,-0.99898344,-0.5942282
-0.66576064,-0.6335974,0.99796677,0.938627,0.9716812,-0.80959255,0.9902698,0.92747027,-0.99211687,0.9410214
0.97782,0.84564716,0.87609637,-0.99565375,-0.7955626,-0.9292538,0.9960289,-0.88201845,-0.58546585,-0.99996996
0.9989532,0.34389043,0.649375,-0.9933411,-0.9965849,0.99975675,-0.98054045,0.9995836,0.648369,-0.99910635
0.9985184,-0.18507148,0.9658998,0.9965376,0.9993063,-0.34303772,0.9996335,-0.76258904,-0.959135,0.7595407
0.6862372,0.7120423,-0.7499302,-0.99532247,-0.99255913,0.9721191,0.9971667,-0.74644274,0.9834909,-0.98112154
0.99623805,0.5088236,0.9946045,0.5700412,0.9962861,0.95778024,-0.25477242,0.7867266,0.8134534,0.14836346
0.98254174,-0.86251765,0.8886795,0.5498412,0.9915219,-0.89804834,0.99748033,-0.016917437,-0.9896749,-0.5672569
0.9961738,0.9807931,0.60359126,-0.2591468,-0.37723178,-0.93636453,0.9895773,-0.8961184,-0.96090406,-0.98341256
0.99723905,0.054359313,-0.3208656,-0.9955039,-0.92743164,0.9999993,-0.2868656,0.9941476,0.9986446,-0.97761697
0.61136436,0.99988717,0.9528655,0.50816685,0.8685672,-0.9280314,0.9868763,-0.9056009,0.033797927,0.8749218
0.97751796,-0.9470994,0.9995491,0.988601,0.99813056,0.95312554,0.8890906,0.9149498,0.9885107,-0.9967345
-0.084261894,0.4609064,-0.4873648,-0.99980885,-0.6657579,-0.9863527,0.99999833,-0.9944719,0.90008926,-1.0
0.9999985,-0.738554,0.9707555,0.3674636,0.6894868,1.0,0.21789788,0.79860604,0.9703528,-0.9971582
0.6482852,0.07370272,0.3992571,0.6643906,-0.9218145,-0.918272,0.41982093,0.9918247,-0.9128485,-0.99770844
-0.38671434,-0.15186383,0.81820214,-0.99969506,-0.99941784,-0.9505593,0.75072974,0.50654763,-0.9330207,-0.999268
0.88286483,0.98711467,0.661164,-0.60996115,-0.691146,0.30656138,0.4140546,0.95070666,-0.9754313,0.13933484
0.989204,0.9880346,0.45133868,0.75456965,-0.98825014,-0.935332,-0.1363416,0.9549462,-0.9999993,-0.92444307
0.9907805,0.7214181,0.9819079,-0.95368356,0.47988862,-0.8291355,0.99143296,-0.9605231,-0.14118877,-0.9997708
0.94600105,0.48097965,-0.54249924,-0.7663716,-0.9863287,0.8371699,0.8552967,0.96872807,-0.8456074,-0.91610795
0.14612219,0.08414754,0.999676,0.79177845,-0.89669335,0.9940137,0.9774843,-0.9424886,0.5888979,-0.60107994
0.9999439,0.9999956,0.9997146,0.9996859,0.96638286,0.24634811,0.95616955,-0.99720263,-0.9977297,0.99863136
0.97191757,-0.9670312,0.99352956,-0.9103079,-0.8701795,0.80943906,0.9934905,-0.6628139,0.675712,-0.99984974
0.9975492,0.9987811,0.9999931,0.9180998,-0.026690975,0.9976753,-0.9985045,0.8707443,0.90595317,0.9569339
0.94993615,0.99588925,0.99508286,-0.2084612,-0.99962217,-0.98615444,0.933746,-0.9568353,-0.98075855,-0.99931014
0.25020215,0.97696346,0.9691847,-0.730649,-0.99707574,0.1628594,-0.8542033,-0.38710338,-0.78620833,-0.9999843
-0.1919521,-0.96595174,0.99343103,-0.9592446,-0.99137235,0.99422294,0.9970158,-0.3244622,0.95974725,-0.99977005
0.86633044,0.9828647,0.7568005,0.9996772,0.9990612,-0.3568768,0.9973823,-0.95073473,-0.9915499,0.64871794
-0.6322549,-0.9875558,0.036266174,-0.9992944,-0.9882633,0.862088,0.998621,0.84348726,0.9921098,-0.99999917
0.9987501,0.8096403,0.9164471,0.16485414,0.36176684,0.98581344,0.74290633,-0.5387507,-0.48540288,-0.21513818
0.8666958,-0.055673014,0.99187857,-0.9933491,-0.6733268,0.41725302,0.5050963,0.6779005,-0.1305643,-0.9933537
0.7320273,0.99957055,-0.10825887,0.5505532,-0.9994807,0.95328456,-0.7481546,0.9140777,-0.71067846,-0.9999062
0.71181726,-0.44216144,-0.90528995,-0.9934981,-0.9918041,-0.8354335,0.9965321,0.89205676,-0.99463207,-0.99773115
0.96226656,-0.5732238,0.8463646,-0.9994765,-0.9997964,-0.5227906,0.8148512,0.99673414,0.2227797,-0.9993435
0.967778,0.53154284,-0.8077329,-0.21830112,0.016184019,-0.82448447,0.9921299,-0.18456784,-0.99960226,-0.99942845
0.97801983,0.4697209,0.98776263,0.03469688,-0.52851135,-0.791144,0.99709004,-0.73163664,-0.7160121,-0.9749626
0.9136011,-0.9310429,0.9538943,-0.97858506,-0.48822623,0.7011038,0.99995834,-0.80025685,0.4036195,-0.9990914
0.9821582,0.8315237,0.98234725,-0.8636124,-0.6816081,0.9995992,-0.9949274,0.99986535,0.778071,0.76178664
0.9984545,0.726696,0.999944,-0.9966128,-0.04559908,-0.9717509,-0.8417589,0.99577636,-0.3150797,-0.8861178
0.9495837,0.93982935,0.99801177,-0.9619973,-0.69244653,0.7194818,0.9971577,-0.98481244,0.94532716,-0.94398004
0.9882224,0.39651972,0.87561244,0.8856756,0.97210807,0.96501666,0.5503379,0.9882033,-0.85607195,0.92382354
0.41625008,0.9317489,0.9906688,-0.9909838,-0.99990106,0.8123137,0.8673803,0.90444535,0.43879098,-0.9843327
-0.28268462,0.92710257,-0.22740318,-0.5216549,-0.9971885,-0.93526363,0.17439659,0.9378759,-0.99207985,-0.999991
0.9086339,0.98554724,0.99421906,0.9498811,0.5378679,0.9720138,0.9997709,-0.98164195,0.9732803,-0.855808
0.97327614,-0.79144543,-0.8813733,-0.98499554,-0.99963933,-0.61813855,0.6761813,0.99941653,-0.9999886,-0.79340667
-0.37077242,0.9568674,0.44774127,-0.60365146,-0.9566494,-0.67431885,0.9989849,-0.9898973,-0.9986394,-0.6668883
0.96925944,-0.38655984,0.99757266,-0.8998363,-0.98892224,0.96786416,-0.82934266,0.9949208,0.5527572,0.29944888
-0.11895902,0.9999677,0.99962956,0.6913403,-0.6536917,-0.98798835,0.8624759,0.5033436,0.22913374,0.53706044
-0.54800075,0.99600387,-0.841961,-0.41005898,-0.3165947,-0.6985022,0.9988631,-0.6065398,-0.9633527,-0.98965245
0.9363447,0.8458409,-0.90519124,0.06069687,-0.019320227,-0.86741734,0.995062,0.82467014,-0.99937075,-0.8612814
0.24266152,-0.9960239,0.8235896,-0.8320615,-0.0058709593,-0.90538085,0.99013764,0.93111527,0.594764,-0.9999629
0.9995201,0.99994934,0.98140645,0.9959088,-0.20089336,0.9950746,-0.7196721,0.8497277,0.77558327,0.37170735
0.99679935,-0.7960422,-0.94551444,0.41037259,0.9991468,0.9467495,0.99988997,0.3240385,-0.9147933,-0.9034579
0.96608377,-0.13043988,0.99699104,-0.32555395,-0.67189515,-0.8964616,0.95893735,-0.70227647,-0.96906316,-0.99844944
0.9926589,-0.9925913,0.9962591,0.70764494,0.87760943,0.9997049,-0.8667663,0.9492268,0.756768,-0.9962098
0.9999346,0.96651894,0.9991079,0.9396074,0.81699216,0.9981576,-0.99977785,0.9996476,0.99856776,-0.99933213
-0.9667943,-0.9893962,0.8414657,-0.81661403,-0.9956326,-0.9958717,0.9996442,0.70692384,-0.9979154,-0.9999835
-0.12973149,0.7533774,0.3605178,-0.99966,-0.99992347,0.9603191,0.9303751,0.9531216,0.30587706,-0.94835526
0.5027543,0.29464337,0.5428417,-0.86570555,-0.7719369,-0.8664513,0.99980646,-0.83807063,-0.9936005,-0.9894588
0.8127333,-0.99726725,0.010039121,-0.900105,0.366974,0.71223813,0.99997365,-0.4864925,-0.9117746,-0.9700991
0.7461545,0.9726756,-0.64519876,-0.9992939,-0.9993814,-0.9994212,0.99920344,0.9483233,-0.8110844,-0.9912407
0.9998176,0.999451,0.9896946,0.981545,0.7236236,0.99995905,0.93842256,0.6886829,-0.9392937,0.98719573
-0.56116205,0.11032907,0.80631787,0.99962544,0.91843516,-0.47048014,0.9977755,-0.011003725,-0.9924856,-0.99666303
0.9473977,0.98556393,0.13665068,-0.9995822,-0.99981403,-0.88227564,0.99991536,0.5089515,-0.99456215,-0.99912846
0.929655,0.33884186,-0.6711291,-0.95636827,0.7747796,0.8969815,0.9997337,-0.45163116,-0.18346219,-0.098014764
0.98372704,-0.99864113,-0.5984541,-0.98445857,0.7984016,0.9969574,0.9282029,0.99883837,-0.96865183,-0.8510109
0.9998092,-0.77220744,0.99987245,0.906812,0.15436542,0.9970077,-0.80184454,0.9959216,-0.60002065,-0.8276349
0.95664984,-0.99626595,0.7266996,-0.783043,0.99279124,0.9630846,0.98633856,0.88570523,-0.5260518,-0.90807414
0.9830314,-0.92519504,0.99673486,-0.99675655,-0.977819,0.96300834,0.027977781,0.9991343,0.9541033,-0.9998014
0.9679675,-0.23721737,0.9995401,0.2577348,0.9238184,0.99930656,-0.99549425,0.98709214,0.9996762,-0.9766084
0.99839187,-0.8343941,0.60786396,-0.7424587,0.86045593,0.9982401,0.8494034,0.62519747,-0.30961382,-0.8533718
0.93904114,0.5626951,0.377875,-0.9868392,-0.39343,0.19480114,0.9770436,-0.5342852,0.896671,-0.99300337
0.9981276,0.8188243,0.30138296,-0.99638623,-0.91951793,0.99905866,0.99873716,0.8961254,-0.68267167,0.9753533
0.9850297,-0.03320481,0.9899252,0.9343129,0.8113896,0.8610261,0.997823,-0.5855311,-0.74342996,-0.90333545
0.8079745,-0.4344171,0.98755807,-0.9999935,-0.9913646,-0.16093338,0.9999697,-0.98546755,-0.702551,-0.9907525
0.9848615,0.98551935,0.8123599,-0.9977369,-0.9911729,-0.02661964,0.8760139,-0.5815282,-0.89518046,-0.9653234
0.46028128,-0.2764909,0.766176,-0.4942338,0.9662911,-0.8615303,0.996585,-0.9298981,0.08154076,-0.99998844
0.9958535,-0.95694,-0.86639446,0.2725672,0.9969612,0.9865053,0.99866104,-0.17361125,0.9677673,-1.0
0.98744184,0.98607594,0.8030164,-0.18360746,0.9560201,-0.63986003,-0.52696955,0.99900365,0.21014307,-0.76393723
0.7102528,0.5744798,0.9491255,-0.99157035,-0.99274683,0.9563609,0.8142416,0.5393882,0.8492936,-0.91334987
-0.41099808,-0.54107565,-0.69114274,-0.9988314,-0.94846624,-0.9877701,0.9991342,0.06249002,-0.96792483,-0.9879246
0.9406432,0.9921248,-0.99856967,-0.98066056,-0.59986156,-0.9760408,0.97458655,0.6716194,-0.9999812,-0.9975795
0.9998765,0.6122925,0.73908526,-0.8168824,0.69449806,0.9996834,-0.9222807,0.99390286,-0.25035945,-0.94408506
0.9997016,-0.064987175,-0.07484608,-0.9998366,-0.4762037,0.97062814,0.99999756,-0.99957335,-0.9367379,-0.9990927
-0.249089,0.8471762,0.86188775,-0.28582633,-0.010424802,-0.78472936,0.9971196,-0.54245836,-0.82558894,-0.7784906
0.9995138,0.99111384,0.79283756,-0.999842,-0.99706995,-0.9907445,0.9092906,0.8485767,-0.98011553,-0.23651123
0.8122163,0.9784257,0.7821425,-0.9977062,-0.9660269,-0.9998748,0.99896973,-0.45792383,-0.9998025,-0.9698413
0.9923973,-0.31794456,0.10830354,-0.99973357,-0.97131085,0.9985609,0.9887015,0.97150224,0.952517,-0.7828023
0.8833029,0.8575121,0.87031484,-0.9983941,-0.99717677,-0.9608269,0.99914664,0.95414513,-0.94194114,-0.30126977
0.9123036,0.9466756,0.39363444,0.96355313,0.887419,-0.99067044,0.9757549,0.9390156,-0.30302078,-0.99472535
0.98596483,0.9030758,-0.986914,0.9866749,0.9922819,0.9992407,0.9999477,-0.8232659,-0.98414105,0.40035245
0.9896373,0.9999744,0.9999651,0.99707395,-0.14173165,-0.99984753,0.99790657,-0.99553776,-0.9999535,0.34569854
0.7926787,0.6554448,0.9984364,0.40651542,-0.92806447,0.97153676,0.51829,0.7270375,0.96907824,-0.87755674
0.58126116,0.9998476,0.94899535,-0.6528081,-0.43036133,-0.8276712,0.9953002,0.27994114,-0.51057905,-0.13155627
0.9653326,0.9996682,0.97846645,0.038187895,-0.8062874,0.9299175,0.60466313,-0.10076652,0.9787931,0.47359464
0.99838024,-0.94877356,0.9998698,-0.48016226,0.64106554,0.99999654,-0.99516547,0.9845365,0.9978052,-0.88034534
0.99762625,0.9890262,0.98963356,0.11250514,0.33764517,-0.6815233,-0.899577,0.9895116,-0.034384053,-0.008755793
0.98439825,0.98303986,-0.8388677,0.92650455,0.8202643,0.83419895,0.87635446,0.79916835,-0.9923182,0.5923703
-0.14371519,0.9992616,0.99705696,-0.99302983,-0.98658496,-0.99913687,0.77229244,0.35815182,0.98146164,-0.99208266
0.9632246,0.7443164,0.60658246,-0.9902321,-0.6872142,0.8109578,0.9983489,-0.80582005,-0.99943125,0.37096238
0.9973932,-0.9988137,0.9933037,-0.9981054,-0.30797493,0.99989486,0.9949969,0.5723569,0.98732233,-0.9732379
0.9915846,-0.9344727,0.99992067,0.9731297,0.66666293,0.99858475,-0.7775283,0.96143764,0.99786794,-0.9994645
0.9986235,0.79338187,0.9965198,0.9991556,0.97129226,0.99999976,-0.98484683,0.9998195,0.82906747,0.98783404
0.8317398,-0.990003,-0.14751922,-0.90939593,0.093778536,0.9857323,0.83576334,0.9709946,-0.91232073,-0.6688926
0.9189552,0.09291138,0.9663926,-0.9991195,-0.3648222,-0.87752074,0.97523135,0.46212327,0.69455314,-0.9313131
0.9995982,0.99761873,0.99647933,0.91842395,0.25781456,0.99950725,-0.8322592,0.7164238,-0.19228342,0.9373223
0.986545,-0.8922038,-0.86067104,-0.2818854,-0.9082446,0.9610605,0.9848522,0.7932411,-0.9931866,-0.9430538
0.7924508,-0.72141993,-0.813763,-0.95487154,-0.73398966,0.1306715,0.9966252,0.89272135,-0.98259246,-0.950984
0.9947515,-0.43525845,0.8345425,-0.6093605,0.14296731,0.97587335,0.9999994,-0.9999799,-0.8376352,-0.9997656
0.9997366,-0.9986521,0.95707536,-0.933991,-0.061358724,0.9977008,-0.59554666,0.99991256,0.86041015,-0.9999562
0.9984553,0.9998336,-0.46435687,0.99939346,-0.9182835,0.9791815,-0.993202,0.9985758,-0.9996917,-0.9810075
0.9419598,-0.861612,-0.94923776,-0.8186329,0.92911893,0.9994004,0.99687564,0.5527042,0.5898619,-0.23000169
0.9022496,0.85521436,0.98803675,-0.99256957,-0.96091366,-0.98444504,0.9955386,0.9822251,-0.99983853,0.84149104
0.9975816,-0.91480803,-0.94889283,-0.997579,-0.14309922,0.9830294,0.99664336,0.17907563,-0.64543027,-0.99708337
0.95670986,0.23893304,-0.30923328,-0.9502718,-0.92920023,-0.004723453,0.999202,-0.73659474,0.81091785,-0.99955374
0.9999182,0.8856779,-0.94865483,-0.939828,-0.9723256,0.99999446,-0.25093895,0.9940059,-0.9945886,0.0071700113
0.9996114,0.92273796,0.9962447,0.73233235,0.9759678,0.9613849,-0.9979047,0.99982774,-0.8512399,0.55341566
0.99999094,-0.7504197,0.99151796,-0.9958567,0.99686956,0.9855379,0.9449603,-0.3653183,0.77133167,0.6985628
0.99937546,0.67900854,0.7253648,-0.08498301,-0.9205149,-0.039149474,0.9364654,0.92382056,0.26495352,-0.9990818
0.9981392,-0.99968994,0.75660443,-0.98480684,0.5978853,0.7347038,0.98584586,0.99789196,-0.97669846,-0.07018653
0.6466444,-0.11189064,0.9867253,0.59592396,0.61516213,0.368448,0.9999648,-0.9976343,0.05485734,-0.99991864
-0.6214351,0.44725087,0.06682254,0.7889262,0.013581392,-0.98535246,0.99927014,-0.7531594,-0.92778796,-0.99673957
0.9657969,-0.35179543,0.35434666,-0.9895285,-0.9989704,0.3869226,0.79912984,0.9883531,-0.9966853,-0.99062175
0.9937145,0.9999466,0.9462515,-0.9928888,-0.9996632,0.9971271,-0.77208513,0.9976214,-0.86986315,-0.54643446
0.97134674,-0.97890705,-0.41899914,-0.8116135,-0.91278553,-0.2960825,0.80444634,0.9989805,-0.9014104,-0.97953844
0.98581487,0.59704065,0.24576403,0.9993244,0.96559596,0.9996692,0.9898564,0.82324415,-0.92459184,0.9692899
0.97033507,0.98936325,0.8969249,0.9969968,0.99024636,0.13821952,0.9012279,-0.261013,-0.5515156,-0.46900597
0.98936754,0.8456545,0.9867602,-0.9682608,0.9370065,0.48909375,0.9803167,-0.56246376,0.6529549,0.56965905
0.96859217,0.7426215,0.3732452,0.26912174,0.73724854,0.99561834,0.9418169,0.9761997,-0.84555364,0.89691544
0.88802916,0.6666853,0.83625877,-0.28625068,-0.7469293,0.27701455,0.99430007,-0.9309631,-0.9094701,-0.99571496
0.44824207,-0.9990927,0.72574824,-0.13476342,-0.37676173,0.92357445,0.9262282,0.96779585,0.82085466,-0.99998254
0.9380367,0.95439786,0.9081014,0.049705714,-0.044821516,-0.5907484,0.9961674,-0.5625555,-0.8471657,0.89915353
0.9963774,0.7443735,-0.9474333,-0.99064285,0.14943203,0.9703828,0.9914798,0.99886644,-0.9996943,0.99934703
0.7124926,0.7462237,-0.72827125,-0.9925748,-0.9977954,-0.9747759,0.98001283,0.78997725,-0.99921286,0.02123512
0.96352667,-0.885498,0.99892974,0.9452431,0.9724404,0.976658,0.6710885,0.82518315,0.9406156,-0.99113876
0.9976588,0.9937018,0.8527526,-0.48153502,-0.24111858,0.43305492,0.73604804,0.8072887,-0.9747301,0.83914685
0.9535234,0.86712515,-0.056559842,-0.9473616,-0.80208385,0.99941635,0.70822626,0.9924969,-0.8347333,0.97721255
0.89025646,-0.1058044,0.9999523,0.84108365,0.8471912,0.8275698,-0.28075877,0.9649441,0.91878164,0.44983566
0.9815707,-0.9972254,0.45147815,-0.26273263,0.79463285,0.9981943,0.12122478,0.9963449,0.8832889,-0.963359
-0.1624232,-0.5663926,0.99570674,-0.9402976,-0.9909022,-0.9229701,0.97225535,-0.63314897,0.51051146,-0.99954003
0.9996314,0.39964524,-0.9923561,-0.9939357,0.26979968,0.9975587,0.9961495,0.90420365,-0.5470604,-0.97186637
0.9999208,0.99997884,0.99446166,0.98120606,0.9803652,0.60135657,0.8131096,0.959006,-0.9906833,0.9986958
0.999954,0.5879649,0.88954955,0.81586534,0.99704295,0.9995507,0.9943624,-0.5002729,-0.6086447,0.9975258
0.94048905,0.99233204,-0.3529441,-0.9486636,-0.9985836,0.79107887,0.60575473,0.72787666,-0.9799893,-0.8137922
0.7812451,0.9065797,0.584317,-0.9993349,-0.9701036,0.5938878,0.9992314,-0.42685643,-0.9984599,0.87961054
0.87018704,0.9999014,0.99999183,0.986134,-0.982813,0.9973798,-0.66806436,0.12355369,0.9874518,0.98829865
0.15302773,-0.9626458,0.98485583,0.7772707,0.54356664,-0.9434316,0.99695116,-0.80609864,-0.7264023,-0.9958489
0.9954111,0.3641306,-0.8514516,-0.5326182,0.65618974,0.9988321,0.7917923,0.9942505,-0.14513297,-0.98535717
-0.86695206,0.7609246,-0.8764866,-0.42382446,-0.9969948,-0.7828502,0.56956047,0.9947712,-0.99388695,-0.9998728
0.83065546,0.9762697,0.9990971,-0.9822542,-0.9928439,-0.5860908,-0.6443223,0.97547626,0.08822653,-0.9999697
0.989987,-0.99277925,-0.70007545,0.7646808,0.64334005,0.9977966,0.60784656,0.98598784,-0.9898213,-0.62824595
0.9905368,-0.89052624,0.98398995,-0.9821584,-0.99479413,0.8063377,0.99822146,0.8375895,-0.29383707,-0.77832305
0.9539148,0.21790656,0.761099,-0.9999842,-0.9645642,-0.9348357,0.9997701,-0.6633399,0.24197966,0.7196892
0.9379637,-0.06523906,-0.1806935,-0.9290178,-0.9844004,0.9927396,-0.3890574,0.9847919,-0.6558196,-0.9991499
0.8547998,-0.4285852,-0.53509265,0.13720515,0.53355163,-0.98998183,0.9999227,-0.72558796,-0.99999446,-0.99215007
0.35042077,0.9508157,0.9994443,-0.4281725,-0.9832873,-0.9999251,0.93179154,0.9771604,-0.99739176,-0.9596799
0.9997777,0.56437224,0.9998848,0.873188,0.041111376,0.8856933,-0.92584056,0.9955354,-0.9256738,0.5262813
0.9070865,0.9989283,0.41344517,0.3544199,-0.78149986,0.7281635,0.9966897,-0.84668106,-0.6797259,-0.98787796
0.7644986,0.8936762,0.9354399,-0.9725086,-0.9591623,0.8413767,0.95382226,0.6194556,0.9578506,-0.9976144
0.967926,0.8272669,0.7571792,0.87710917,-0.8975776,0.9936312,0.2629089,0.3905649,-0.9755308,-0.74445605
0.9953477,-0.82694787,0.924084,-0.98497,0.11363395,0.9977028,0.68432266,0.9850813,-0.6854115,0.79570687
0.99640673,-0.85536087,0.6979276,0.96131617,0.9784712,0.9998406,-0.56794935,0.92049444,0.71356374,-0.9499687
0.99952644,0.97022426,0.98468727,0.029104585,0.9339124,0.99184203,-0.82633775,0.16769433,-0.25829092,-0.9976845
0.99745905,-0.87156457,0.8265568,-0.6692162,0.9728035,0.45860764,0.9999928,-0.9995618,0.7627822,-1.0
-0.2369904,0.8522782,0.21497445,-0.12170385,-0.82088745,-0.84529686,0.9281133,0.4243253,-0.9635257,-0.98806506
0.9787736,0.88088655,0.99122214,-0.97412086,-0.33227754,0.96260685,0.9942907,-0.5488807,0.54848045,0.91122216
0.51869243,-0.9918079,-0.5389946,-0.56778383,0.87831163,0.6342104,0.91694474,0.9608386,-0.8619244,-0.6126713
0.99436766,0.994575,-0.91300935,0.65067774,0.94071144,0.96365356,0.8363713,0.6557276,-0.9582409,0.19887102
0.96012515,0.9098517,-0.8582687,0.8305325,0.007973285,0.99805224,0.14001757,0.8866651,0.7851439,-0.99960965
0.7388002,0.5994554,0.99011683,0.9219581,-0.3745647,-0.38795844,0.8979663,0.58040315,-0.72866154,-0.71608746
0.94268316,0.5754579,-0.81659514,-0.95667577,0.86060923,0.5678243,0.9997318,-0.83289105,-0.6312651,-0.15527289
0.90032923,0.98069507,0.85404074,0.19437703,0.6948471,0.9705203,0.901928,-0.16931999,0.66001713,0.38276333
0.9935651,-0.54951286,0.9989624,-0.9683374,-0.4324365,0.9366556,-0.85655123,0.9718128,-0.27150726,0.97174823
0.9686771,0.9332033,0.64240617,0.9565664,0.5579846,0.7518583,0.9989599,-0.98647404,-0.7785931,-0.9028991
-0.00571495,-0.9904375,-0.9646474,-0.7769005,0.69480217,-0.035360426,0.99789006,0.97523785,-0.97825843,-0.99404275
0.6797522,0.14435625,0.9999681,0.9999638,0.9699054,0.75622743,0.31031537,0.6887899,0.01749213,0.73357075
0.99341065,0.20264821,0.61713386,0.016476503,-0.3112457,-0.044262435,-0.5336969,0.9936621,-0.9999806,0.53065956
0.37357706,-0.85671574,-0.44182694,-0.9999915,-0.99758494,0.9909816,0.99965644,-0.45459193,0.025846872,-0.99844444
0.9905552,0.9994122,0.9617299,-0.041354008,0.38349175,0.5386182,0.83823293,0.9270849,0.18047334,0.99596745
0.98056453,-0.9759688,-0.93008965,-0.99903655,0.2898047,0.62721545,0.9994948,0.7671217,-0.73083675,-1.0
0.5331022,0.61581343,0.97677505,0.99934405,0.9951377,0.12150569,0.59805787,0.9016019,0.20066579,-0.9153288
-0.6103713,0.09404831,-0.5539267,-0.07032912,-0.57167566,-0.10322597,0.9974832,-0.21620144,-0.9981493,-0.8759468
0.7117275,0.9989996,0.9280192,-0.7975802,-0.82696754,-0.99349093,0.9802389,-0.96098125,-0.83918625,-0.9807409
